ellipse_angle_deg,derivative
0.0,
1.0,62.79086200185634
3.5,156.97950506759287
8.0,282.55887900835353
15.0,439.5360340129944
